id;matricule;nationalite;date_naissance;profil_id
1;concerned oof pro;granny;2025-05-20;20892
2;er retrospectivity;elegantly limply;2025-05-20;17315
3;whose sans;indeed;2025-05-20;14131
4;following cook;ecstatic despite;2025-05-20;15763
5;healthily possible crest;furthermore abandoned with;2025-05-19;8685
6;brr;gee;2025-05-20;31909
7;sweetly;gee instead;2025-05-20;4313
8;noteworthy subdued;wolf joyous;2025-05-20;32223
9;tromp;excepting till;2025-05-20;11457
10;likewise;curiously tense trim;2025-05-20;1548
