id;nom_complet;adresse;email;telephone;compte_id
1;alongside;boss nearly;Mathew71@gmail.com;(276) 443-1882;11476
2;monthly bitterly;behind;Bartholome_Stokes37@gmail.com;1-770-859-0702 x611;15499
3;official but;brave;Cortez_Kutch@yahoo.com;(491) 747-4094 x90537;22287
4;stained offensively;coordination without;Woodrow.Mosciski83@gmail.com;1-700-396-1695 x3654;22904
5;boohoo aside;because um um;Shirley12@yahoo.com;363-516-9859 x5475;14033
6;ack;including;Lisette_Larkin88@gmail.com;(511) 680-3858 x92488;3261
7;boohoo inhibit;near starboard as;Queenie9@hotmail.com;1-610-701-5024 x156;15035
8;by capitalise;intently yahoo;Korbin_Collins10@hotmail.com;1-373-836-0804 x98019;20906
9;watery colorfully;uncommon yet parsnip;Anastacio_Rogahn@gmail.com;894.421.3455 x25789;27756
10;why competent;ah range;Mazie26@gmail.com;(510) 730-4149 x5668;9640
